USE QL_TAIKHOANTIETKIEM;

-- Insert into Khach_hang
INSERT INTO Khach_hang (Ho_ten, Chung_minh_Thu, Dia_chi)
VALUES 
('Nguyễn Phúc Thành', '060277982155', '61/21 Liên Khu 1-6, phường Bình Trị Đông, quận Bình Tân'),
('Lê Hoàng Đạt', '060277982156', '61/21 Liên Khu 1-6, phường Bình Trị Đông, quận Bình Tân'),
('Phạm Quang Duy', '060277982157', '123 Nguyễn Trãi, phường Bến Thành, quận 1'),
('Nguyễn Phúc Thành', '060277982158', '456 Lê Lợi, phường Bến Nghé, quận 1'),
('Nguyễn Quang Minh', '060277982159', '789 Trần Hưng Đạo, phường Cầu Kho, quận 1'),
('Trần Văn A', '060277982160', '12 Bùi Thị Xuân, quận 1'),
('Nguyễn Thị B', '060277982161', '34 Lê Thánh Tôn, quận 1'),
('Phạm Văn C', '060277982162', '56 Nguyễn Huệ, quận 1'),
('Lê Thị D', '060277982163', '78 Trần Quang Khải, quận 1'),
('Nguyễn Văn E', '060277982164', '90 Lê Văn Sỹ, quận 3'),
('Trần Thị F', '060277982165', '123 Cách Mạng Tháng 8, quận 10');

-- Insert into Tai_khoan_tiet_kiem
INSERT INTO Tai_khoan_tiet_kiem (ID_tai_khoan, Trang_thai_tai_khoan, Ngay_mo, Ngay_dong, Nguoi_so_huu, Loai_tiet_kiem, Tien_nap_ban_dau, Lai_suat)
VALUES 
('STK00001', 1, '2024-01-01', NULL, '060277982156', 'no period', 1000000, 0.15),
('STK00002', 1, '2024-01-01', NULL, '060277982157', '3 months', 2000000, 0.5),
('STK00003', 0, '2024-01-01', '2024-09-01', '060277982158', '6 months', 3000000, 0.55),
('STK00004', 1, '2024-01-15', NULL, '060277982159', 'no period', 4000000, 0.15),
('STK00005', 1, '2024-01-15', NULL, '060277982156', '3 months', 5000000, 0.5),
('STK00006', 1, '2024-01-15', NULL, '060277982157', '6 months', 6000000, 0.55),
('STK00007', 1, '2024-02-01', NULL, '060277982158', 'no period', 7000000, 0.15),
('STK00008', 0, '2024-02-01', '2024-11-01', '060277982159', '3 months', 8000000, 0.5),
('STK00009', 0, '2024-02-01', '2025-03-01', '060277982160', '6 months', 9000000, 0.55),
('STK00010', 1, '2024-02-15', NULL, '060277982161', 'no period', 10000000, 0.15),
('STK00011', 0, '2024-02-15', '2025-02-01', '060277982162', '3 months', 11000000, 0.5),
('STK00012', 1, '2024-02-15', NULL, '060277982163', '6 months', 12000000, 0.55),
('STK00013', 1, '2024-03-01', NULL, '060277982164', 'no period', 13000000, 0.15),
('STK00014', 1, '2024-03-01', NULL, '060277982165', '3 months', 14000000, 0.5),
('STK00015', 1, '2024-03-01', NULL, '060277982165', '6 months', 15000000, 0.55),
('STK00016', 1, '2024-03-15', NULL, '060277982164', 'no period', 16000000, 0.15),
('STK00017', 0, '2024-03-15', '2024-09-15', '060277982163', '3 months', 17000000, 0.5),
('STK00018', 1, '2024-03-15', NULL, '060277982162', '6 months', 18000000, 0.55),
('STK00019', 1, '2024-04-01', NULL, '060277982161', 'no period', 19000000, 0.15),
('STK00020', 1, '2024-04-01', NULL, '060277982160', '3 months', 20000000, 0.5),
('STK00021', 1, '2024-04-01', NULL, '060277982159', '6 months', 21000000, 0.55),
('STK00022', 1, '2024-04-15', NULL, '060277982158', 'no period', 22000000, 0.15),
('STK00023', 0, '2024-04-15', '2024-09-15', '060277982157', '3 months', 23000000, 0.5),
('STK00024', 1, '2024-04-15', NULL, '060277982156', '6 months', 24000000, 0.55),
('STK00025', 1, '2024-05-01', NULL, '060277982165', 'no period', 25000000, 0.15),
('STK00026', 1, '2024-05-01', NULL, '060277982164', '3 months', 26000000, 0.5),
('STK00027', 1, '2024-05-01', NULL, '060277982163', '6 months', 27000000, 0.55),
('STK00028', 1, '2024-05-15', NULL, '060277982162', 'no period', 28000000, 0.15),
('STK00029', 1, '2024-05-15', NULL, '060277982161', '3 months', 29000000, 0.5),
('STK00030', 1, '2024-05-15', NULL, '060277982160', '6 months', 30000000, 0.55),
('STK00031', 1, '2024-06-01', NULL, '060277982159', 'no period', 31000000, 0.15),
('STK00032', 1, '2024-06-01', NULL, '060277982158', '3 months', 32000000, 0.5),
('STK00033', 1, '2024-06-01', NULL, '060277982157', '6 months', 33000000, 0.55),
('STK00034', 1, '2024-06-15', NULL, '060277982156', 'no period', 34000000, 0.15),
('STK00035', 1, '2024-06-15', NULL, '060277982165', '3 months', 35000000, 0.5),
('STK00036', 1, '2024-06-15', NULL, '060277982164', '6 months', 36000000, 0.55),
('STK00037', 1, '2024-07-01', NULL, '060277982163', 'no period', 37000000, 0.15),
('STK00038', 0, '2024-07-01', '2024-09-30', '060277982162', '3 months', 38000000, 0.5),
('STK00039', 1, '2024-07-01', NULL, '060277982161', '6 months', 39000000, 0.55),
('STK00040', 1, '2024-07-15', NULL, '060277982160', 'no period', 40000000, 0.15),
('STK00041', 1, '2024-07-15', NULL, '060277982159', '3 months', 41000000, 0.5),
('STK00042', 1, '2024-07-15', NULL, '060277982158', '6 months', 42000000, 0.55),
('STK00043', 1, '2024-08-01', NULL, '060277982157', 'no period', 43000000, 0.15),
('STK00044', 1, '2024-08-01', NULL, '060277982156', '3 months', 44000000, 0.5),
('STK00045', 1, '2024-08-01', NULL, '060277982165', '6 months', 45000000, 0.55),
('STK00046', 1, '2024-08-15', NULL, '060277982165', 'no period', 46000000, 0.15),
('STK00047', 1, '2024-08-15', NULL, '060277982163', '3 months', 47000000, 0.5),
('STK00048', 1, '2024-08-15', NULL, '060277982160', '6 months', 48000000, 0.55),
('STK00049', 1, '2024-09-01', NULL, '060277982157', 'no period', 49000000, 0.15),
('STK00050', 1, '2024-09-01', NULL, '060277982157', '3 months', 50000000, 0.5);

INSERT INTO Giao_dich (ID_giao_dich, Tai_khoan_giao_dich, Loai_giao_dich, So_tien_giao_dich, Ngay_giao_dich)
VALUES 
('RT00001', 'STK00001', 'Rút Tiền', 15112500, '2024-02-01'),
('NT00001', 'STK00001', 'Nạp Tiền', 5000000, '2024-03-01'),
('RT00002', 'STK00003', 'Rút Tiền', 238800000, '2024-09-01'),
('RT00003', 'STK00004', 'Rút Tiền', 10250000, '2024-05-01'),
('NT00002', 'STK00004', 'Nạp Tiền', 20000000, '2024-06-01'),
('NT00003', 'STK00007', 'Nạp Tiền', 30000000, '2024-08-01'),
('RT00004', 'STK00008', 'Rút Tiền', 62325000, '2024-11-01'),
('RT00005', 'STK00009', 'Rút Tiền', 252975000, '2025-03-01'),
('NT00004', 'STK00010', 'Nạp Tiền', 40000000, '2024-11-01'),
('RT00006', 'STK00010', 'Rút Tiền', 10225000, '2024-12-01'),
('RT00007', 'STK00011', 'Rút Tiền', 82375000, '2025-02-01'),
('NT00005', 'STK00013', 'Nạp Tiền', 50000000, '2024-07-01'),
('RT00008', 'STK00014', 'Rút Tiền', 70500000, '2024-03-15'),
('NT00006', 'STK00016', 'Nạp Tiền', 30000000, '2024-04-15'),
('RT00009', 'STK00017', 'Rút Tiền', 51125000, '2024-09-15'),
('NT00007', 'STK00019', 'Nạp Tiền', 40000000, '2024-05-15'),
('RT00010', 'STK00020', 'Rút Tiền', 46250000, '2024-08-15'),
('NT00008', 'STK00022', 'Nạp Tiền', 55000000, '2024-07-15'),
('RT00011', 'STK00023', 'Rút Tiền', 77375000, '2024-09-15'),
('NT00009', 'STK00025', 'Nạp Tiền', 65000000, '2024-10-15'),
('RT00012', 'STK00026', 'Rút Tiền', 88500000, '2024-12-15'),
('NT00010', 'STK00028', 'Nạp Tiền', 90000000, '2024-11-15'),
('RT00013', 'STK00029', 'Rút Tiền', 96000000, '2025-01-15'),
('NT00011', 'STK00031', 'Nạp Tiền', 100000000, '2025-02-15'),
('RT00014', 'STK00034', 'Rút Tiền', 121750000, '2024-03-01'),
('NT00012', 'STK00037', 'Nạp Tiền', 110000000, '2024-04-01'),
('RT00015', 'STK00038', 'Rút Tiền', 117875000, '2024-09-30'),
('NT00013', 'STK00040', 'Nạp Tiền', 125000000, '2024-05-30'),
('RT00016', 'STK00041', 'Rút Tiền', 132250000, '2024-08-30'),
('NT00014', 'STK00043', 'Nạp Tiền', 135000000, '2024-06-30'),
('RT00017', 'STK00044', 'Rút Tiền', 142000000, '2024-09-30'),
('NT00015', 'STK00046', 'Nạp Tiền', 145000000, '2024-07-30'),
('RT00018', 'STK00047', 'Rút Tiền', 153750000, '2025-01-01'),
('NT00016', 'STK00049', 'Nạp Tiền', 155000000, '2024-10-30');


-- Tạo thêm 20 sổ mở vào tháng 7 năm 2024
INSERT INTO Tai_khoan_tiet_kiem (ID_tai_khoan, Trang_thai_tai_khoan, Ngay_mo, Ngay_dong, Nguoi_so_huu, Loai_tiet_kiem, Tien_nap_ban_dau, Lai_suat)
VALUES 
('STK00051', 1, '2024-07-01', NULL, '060277982156', 'no period', 1000000, 0.15),
('STK00052', 1, '2024-07-02', NULL, '060277982157', '3 months', 2000000, 0.5),
('STK00053', 1, '2024-07-03', NULL, '060277982158', '6 months', 3000000, 0.55),
('STK00054', 1, '2024-07-04', NULL, '060277982159', 'no period', 4000000, 0.15),
('STK00055', 1, '2024-07-05', NULL, '060277982160', '3 months', 5000000, 0.5),
('STK00056', 1, '2024-07-06', NULL, '060277982161', '6 months', 6000000, 0.55),
('STK00057', 1, '2024-07-07', NULL, '060277982162', 'no period', 7000000, 0.15),
('STK00058', 1, '2024-07-08', NULL, '060277982163', '3 months', 8000000, 0.5),
('STK00059', 1, '2024-07-09', NULL, '060277982164', '6 months', 9000000, 0.55),
('STK00060', 1, '2024-07-10', NULL, '060277982165', 'no period', 10000000, 0.15),
('STK00061', 1, '2024-07-11', NULL, '060277982156', '3 months', 11000000, 0.5),
('STK00062', 1, '2024-07-12', NULL, '060277982157', '6 months', 12000000, 0.55),
('STK00063', 1, '2024-07-13', NULL, '060277982158', 'no period', 13000000, 0.15),
('STK00064', 1, '2024-07-14', NULL, '060277982159', '3 months', 14000000, 0.5),
('STK00065', 1, '2024-07-15', NULL, '060277982160', '6 months', 15000000, 0.55),
('STK00066', 1, '2024-07-16', NULL, '060277982161', 'no period', 16000000, 0.15),
('STK00067', 1, '2024-07-17', NULL, '060277982162', '3 months', 17000000, 0.5),
('STK00068', 1, '2024-07-18', NULL, '060277982163', '6 months', 18000000, 0.55),
('STK00069', 1, '2024-07-19', NULL, '060277982164', 'no period', 19000000, 0.15),
('STK00070', 1, '2024-07-20', NULL, '060277982165', '3 months', 20000000, 0.5);



-- Insert into Tai_khoan_tiet_kiem for July 2024 with 'no period' type starting from STK00071
INSERT INTO Tai_khoan_tiet_kiem (ID_tai_khoan, Trang_thai_tai_khoan, Ngay_mo, Ngay_dong, Nguoi_so_huu, Loai_tiet_kiem, Tien_nap_ban_dau, Lai_suat)
VALUES 
('STK00071', 1, '2024-07-01', NULL, '060277982156', 'no period', 51000000, 0.15),
('STK00072', 1, '2024-07-01', NULL, '060277982157', 'no period', 52000000, 0.15),
('STK00073', 1, '2024-07-02', NULL, '060277982158', 'no period', 53000000, 0.15),
('STK00074', 1, '2024-07-02', NULL, '060277982159', 'no period', 54000000, 0.15),
('STK00075', 1, '2024-07-03', NULL, '060277982160', 'no period', 55000000, 0.15),
('STK00076', 1, '2024-07-03', NULL, '060277982161', 'no period', 56000000, 0.15),
('STK00077', 1, '2024-07-04', NULL, '060277982162', 'no period', 57000000, 0.15),
('STK00078', 1, '2024-07-04', NULL, '060277982163', 'no period', 58000000, 0.15),
('STK00079', 1, '2024-07-05', NULL, '060277982164', 'no period', 59000000, 0.15),
('STK00080', 1, '2024-07-05', NULL, '060277982165', 'no period', 60000000, 0.15),
('STK00081', 1, '2024-07-06', NULL, '060277982156', 'no period', 61000000, 0.15),
('STK00082', 1, '2024-07-06', NULL, '060277982156', 'no period', 62000000, 0.15),
('STK00083', 1, '2024-07-07', NULL, '060277982156', 'no period', 63000000, 0.15),
('STK00084', 1, '2024-07-07', NULL, '060277982156', 'no period', 64000000, 0.15),
('STK00085', 1, '2024-07-08', NULL, '060277982156', 'no period', 65000000, 0.15),
('STK00086', 1, '2024-07-08', NULL, '060277982156', 'no period', 66000000, 0.15),
('STK00087', 1, '2024-07-09', NULL, '060277982156', 'no period', 67000000, 0.15),
('STK00088', 1, '2024-07-09', NULL, '060277982156', 'no period', 68000000, 0.15),
('STK00089', 1, '2024-07-10', NULL, '060277982156', 'no period', 69000000, 0.15),
('STK00090', 1, '2024-07-10', NULL, '060277982156', 'no period', 70000000, 0.15);



-- Insert into Tai_khoan_tiet_kiem for July 2024 with 'no period' type starting from STK00091
INSERT INTO Tai_khoan_tiet_kiem (ID_tai_khoan, Trang_thai_tai_khoan, Ngay_mo, Ngay_dong, Nguoi_so_huu, Loai_tiet_kiem, Tien_nap_ban_dau, Lai_suat)
VALUES 
('STK00091', 1, '2024-07-11', NULL, '060277982156', 'no period', 71000000, 0.15),
('STK00092', 1, '2024-07-11', NULL, '060277982156', 'no period', 72000000, 0.15),
('STK00093', 1, '2024-07-11', NULL, '060277982156', 'no period', 73000000, 0.15),
('STK00094', 1, '2024-07-12', NULL, '060277982156', 'no period', 74000000, 0.15),
('STK00095', 1, '2024-07-12', NULL, '060277982156', 'no period', 75000000, 0.15),
('STK00096', 1, '2024-07-12', NULL, '060277982156', 'no period', 76000000, 0.15),
('STK00097', 1, '2024-07-13', NULL, '060277982156', 'no period', 77000000, 0.15),
('STK00098', 1, '2024-07-13', NULL, '060277982156', 'no period', 78000000, 0.15),
('STK00099', 1, '2024-07-13', NULL, '060277982156', 'no period', 79000000, 0.15),
('STK00100', 1, '2024-07-14', NULL, '060277982156', 'no period', 80000000, 0.15),
('STK00101', 1, '2024-07-14', NULL, '060277982156', 'no period', 81000000, 0.15),
('STK00102', 1, '2024-07-14', NULL, '060277982156', 'no period', 82000000, 0.15),
('STK00103', 1, '2024-07-15', NULL, '060277982156', 'no period', 83000000, 0.15),
('STK00104', 1, '2024-07-15', NULL, '060277982156', 'no period', 84000000, 0.15),
('STK00105', 1, '2024-07-15', NULL, '060277982156', 'no period', 85000000, 0.15),
('STK00106', 1, '2024-07-16', NULL, '060277982156', 'no period', 86000000, 0.15),
('STK00107', 1, '2024-07-16', NULL, '060277982156', 'no period', 87000000, 0.15),
('STK00108', 1, '2024-07-16', NULL, '060277982156', 'no period', 88000000, 0.15),
('STK00109', 1, '2024-07-17', NULL, '060277982156', 'no period', 89000000, 0.15),
('STK00110', 1, '2024-07-17', NULL, '060277982156', 'no period', 90000000, 0.15),
('STK00111', 1, '2024-07-17', NULL, '060277982156', 'no period', 91000000, 0.15),
('STK00112', 1, '2024-07-18', NULL, '060277982156', 'no period', 92000000, 0.15),
('STK00113', 1, '2024-07-18', NULL, '060277982156', 'no period', 93000000, 0.15),
('STK00114', 1, '2024-07-18', NULL, '060277982156', 'no period', 94000000, 0.15),
('STK00115', 1, '2024-07-19', NULL, '060277982156', 'no period', 95000000, 0.15),
('STK00116', 1, '2024-07-19', NULL, '060277982156', 'no period', 96000000, 0.15),
('STK00117', 1, '2024-07-19', NULL, '060277982156', 'no period', 97000000, 0.15),
('STK00118', 1, '2024-07-20', NULL, '060277982156', 'no period', 98000000, 0.15),
('STK00119', 1, '2024-07-20', NULL, '060277982156', 'no period', 99000000, 0.15),
('STK00120', 1, '2024-07-20', NULL, '060277982156', 'no period', 100000000, 0.15),
('STK00121', 1, '2024-07-21', NULL, '060277982156', 'no period', 101000000, 0.15),
('STK00122', 1, '2024-07-21', NULL, '060277982156', 'no period', 102000000, 0.15),
('STK00123', 1, '2024-07-21', NULL, '060277982156', 'no period', 103000000, 0.15),
('STK00124', 1, '2024-07-22', NULL, '060277982156', 'no period', 104000000, 0.15),
('STK00125', 1, '2024-07-22', NULL, '060277982156', 'no period', 105000000, 0.15),
('STK00126', 1, '2024-07-22', NULL, '060277982156', 'no period', 106000000, 0.15),
('STK00127', 1, '2024-07-23', NULL, '060277982156', 'no period', 107000000, 0.15),
('STK00128', 1, '2024-07-23', NULL, '060277982156', 'no period', 108000000, 0.15),
('STK00129', 1, '2024-07-23', NULL, '060277982156', 'no period', 109000000, 0.15),
('STK00130', 1, '2024-07-24', NULL, '060277982156', 'no period', 110000000, 0.15),
('STK00131', 1, '2024-07-24', NULL, '060277982156', 'no period', 111000000, 0.15),
('STK00132', 1, '2024-07-24', NULL, '060277982156', 'no period', 112000000, 0.15),
('STK00133', 1, '2024-07-25', NULL, '060277982156', 'no period', 113000000, 0.15),
('STK00134', 1, '2024-07-25', NULL, '060277982156', 'no period', 114000000, 0.15),
('STK00135', 1, '2024-07-25', NULL, '060277982156', 'no period', 115000000, 0.15),
('STK00136', 1, '2024-07-26', NULL, '060277982156', 'no period', 116000000, 0.15),
('STK00137', 1, '2024-07-26', NULL, '060277982156', 'no period', 117000000, 0.15),
('STK00138', 1, '2024-07-26', NULL, '060277982156', 'no period', 118000000, 0.15),
('STK00139', 1, '2024-07-27', NULL, '060277982156', 'no period', 119000000, 0.15),
('STK00140', 1, '2024-07-27', NULL, '060277982156', 'no period', 120000000, 0.15),
('STK00141', 1, '2024-07-27', NULL, '060277982156', 'no period', 121000000, 0.15),
('STK00142', 1, '2024-07-28', NULL, '060277982156', 'no period', 122000000, 0.15),
('STK00143', 1, '2024-07-28', NULL, '060277982156', 'no period', 123000000, 0.15),
('STK00144', 1, '2024-07-28', NULL, '060277982156', 'no period', 124000000, 0.15),
('STK00145', 1, '2024-07-29', NULL, '060277982156', 'no period', 125000000, 0.15),
('STK00146', 1, '2024-07-29', NULL, '060277982156', 'no period', 126000000, 0.15),
('STK00147', 1, '2024-07-29', NULL, '060277982156', 'no period', 127000000, 0.15),
('STK00148', 1, '2024-07-30', NULL, '060277982156', 'no period', 128000000, 0.15),
('STK00149', 1, '2024-07-30', NULL, '060277982156', 'no period', 129000000, 0.15),
('STK00150', 1, '2024-07-30', NULL, '060277982156', 'no period', 130000000, 0.15),
('STK00151', 1, '2024-07-31', NULL, '060277982156', 'no period', 131000000, 0.15),
('STK00152', 1, '2024-07-31', NULL, '060277982156', 'no period', 132000000, 0.15),
('STK00153', 1, '2024-07-31', NULL, '060277982156', 'no period', 133000000, 0.15);



-- Insert into Tai_khoan_tiet_kiem for closed accounts in July 2024
INSERT INTO Tai_khoan_tiet_kiem (ID_tai_khoan, Trang_thai_tai_khoan, Ngay_mo, Ngay_dong, Nguoi_so_huu, Loai_tiet_kiem, Tien_nap_ban_dau, Lai_suat)
VALUES 
('STK00154', 0, '2024-01-01', '2024-07-01', '060277982155', 'no period', 1000000, 0.15),
('STK00155', 0, '2024-01-02', '2024-07-02', '060277982155', 'no period', 2000000, 0.15),
('STK00156', 0, '2024-01-03', '2024-07-03', '060277982155', 'no period', 3000000, 0.15),
('STK00157', 0, '2024-01-04', '2024-07-04', '060277982155', 'no period', 4000000, 0.15),
('STK00158', 0, '2024-01-05', '2024-07-05', '060277982155', 'no period', 5000000, 0.15),
('STK00159', 0, '2024-01-06', '2024-07-06', '060277982155', 'no period', 6000000, 0.15),
('STK00160', 0, '2024-01-07', '2024-07-07', '060277982155', 'no period', 7000000, 0.15),
('STK00161', 0, '2024-01-08', '2024-07-08', '060277982155', 'no period', 8000000, 0.15),
('STK00162', 0, '2024-01-09', '2024-07-09', '060277982155', 'no period', 9000000, 0.15),
('STK00163', 0, '2024-01-10', '2024-07-10', '060277982155', 'no period', 10000000, 0.15),
('STK00164', 0, '2024-01-11', '2024-07-11', '060277982155', 'no period', 11000000, 0.15),
('STK00165', 0, '2024-01-12', '2024-07-12', '060277982155', 'no period', 12000000, 0.15),
('STK00166', 0, '2024-01-13', '2024-07-13', '060277982155', 'no period', 13000000, 0.15),
('STK00167', 0, '2024-01-14', '2024-07-14', '060277982155', 'no period', 14000000, 0.15),
('STK00168', 0, '2024-01-15', '2024-07-15', '060277982155', 'no period', 15000000, 0.15),
('STK00169', 0, '2024-01-16', '2024-07-16', '060277982155', 'no period', 16000000, 0.15),
('STK00170', 0, '2024-01-17', '2024-07-17', '060277982155', 'no period', 17000000, 0.15),
('STK00171', 0, '2024-01-18', '2024-07-18', '060277982155', 'no period', 18000000, 0.15),
('STK00172', 0, '2024-01-19', '2024-07-19', '060277982155', 'no period', 19000000, 0.15),
('STK00173', 0, '2024-01-20', '2024-07-20', '060277982155', 'no period', 20000000, 0.15),
('STK00174', 0, '2024-01-21', '2024-07-21', '060277982155', 'no period', 21000000, 0.15),
('STK00175', 0, '2024-01-22', '2024-07-22', '060277982155', 'no period', 22000000, 0.15),
('STK00176', 0, '2024-01-23', '2024-07-23', '060277982155', 'no period', 23000000, 0.15),
('STK00177', 0, '2024-01-24', '2024-07-24', '060277982155', 'no period', 24000000, 0.15),
('STK00178', 0, '2024-01-25', '2024-07-25', '060277982155', 'no period', 25000000, 0.15),
('STK00179', 0, '2024-01-26', '2024-07-26', '060277982155', 'no period', 26000000, 0.15),
('STK00180', 0, '2024-01-27', '2024-07-27', '060277982155', 'no period', 27000000, 0.15),
('STK00181', 0, '2024-01-28', '2024-07-28', '060277982155', 'no period', 28000000, 0.15),
('STK00182', 0, '2024-01-29', '2024-07-29', '060277982155', 'no period', 29000000, 0.15),
('STK00183', 0, '2024-01-30', '2024-07-30', '060277982155', 'no period', 30000000, 0.15),
('STK00184', 0, '2024-01-31', '2024-07-31', '060277982155', 'no period', 31000000, 0.15),
('STK00185', 0, '2024-02-01', '2024-07-01', '060277982155', 'no period', 32000000, 0.15),
('STK00186', 0, '2024-02-02', '2024-07-02', '060277982155', 'no period', 33000000, 0.15),
('STK00187', 0, '2024-02-03', '2024-07-03', '060277982155', 'no period', 34000000, 0.15),
('STK00188', 0, '2024-02-04', '2024-07-04', '060277982155', 'no period', 35000000, 0.15),
('STK00189', 0, '2024-02-05', '2024-07-05', '060277982155', 'no period', 36000000, 0.15),
('STK00190', 0, '2024-02-06', '2024-07-06', '060277982155', 'no period', 37000000, 0.15),
('STK00191', 0, '2024-02-07', '2024-07-07', '060277982155', 'no period', 38000000, 0.15),
('STK00192', 0, '2024-02-08', '2024-07-08', '060277982155', 'no period', 39000000, 0.15),
('STK00193', 0, '2024-02-09', '2024-07-09', '060277982155', 'no period', 40000000, 0.15),
('STK00194', 0, '2024-02-10', '2024-07-10', '060277982155', 'no period', 41000000, 0.15),
('STK00195', 0, '2024-02-11', '2024-07-11', '060277982155', 'no period', 42000000, 0.15),
('STK00196', 0, '2024-02-12', '2024-07-12', '060277982155', 'no period', 43000000, 0.15),
('STK00197', 0, '2024-02-13', '2024-07-13', '060277982155', 'no period', 44000000, 0.15),
('STK00198', 0, '2024-02-14', '2024-07-14', '060277982155', 'no period', 45000000, 0.15),
('STK00199', 0, '2024-02-15', '2024-07-15', '060277982155', 'no period', 46000000, 0.15),
('STK00200', 0, '2024-02-16', '2024-07-16', '060277982155', 'no period', 47000000, 0.15),
('STK00201', 0, '2024-02-17', '2024-07-17', '060277982155', 'no period', 48000000, 0.15),
('STK00202', 0, '2024-02-18', '2024-07-18', '060277982155', 'no period', 49000000, 0.15),
('STK00203', 0, '2024-02-19', '2024-07-19', '060277982155', 'no period', 50000000, 0.15),
('STK00204', 0, '2024-02-20', '2024-07-20', '060277982155', 'no period', 51000000, 0.15),
('STK00205', 0, '2024-02-21', '2024-07-11', '060277982155', 'no period', 52000000, 0.15),
('STK00206', 0, '2024-02-22', '2024-07-22', '060277982155', 'no period', 53000000, 0.15),
('STK00207', 0, '2024-02-23', '2024-07-23', '060277982155', 'no period', 54000000, 0.15),
('STK00208', 0, '2024-02-24', '2024-07-24', '060277982155', 'no period', 55000000, 0.15),
('STK00209', 0, '2024-02-25', '2024-07-14', '060277982155', 'no period', 56000000, 0.15),
('STK00210', 0, '2024-02-26', '2024-07-13', '060277982155', 'no period', 57000000, 0.15),
('STK00211', 0, '2024-02-27', '2024-07-12', '060277982155', 'no period', 58000000, 0.15),
('STK00212', 0, '2024-02-28', '2024-07-13', '060277982155', 'no period', 59000000, 0.15),
('STK00213', 0, '2024-02-29', '2024-07-14', '060277982155', 'no period', 60000000, 0.15);
INSERT INTO Tai_khoan_tiet_kiem (ID_tai_khoan, Trang_thai_tai_khoan, Ngay_mo, Ngay_dong, Nguoi_so_huu, Loai_tiet_kiem, Tien_nap_ban_dau, Lai_suat)
VALUES 
('STK00214', 0, '2024-02-29', '2024-07-14', '060277982155', 'no period', 60000000, 0.15),
('STK00215', 0, '2024-02-29', '2024-07-14', '060277982155', 'no period', 60000000, 0.15),
('STK00216', 0, '2024-02-29', '2024-07-15', '060277982155', 'no period', 60000000, 0.15);

-- Insert transactions for July 2024
INSERT INTO Giao_dich (ID_giao_dich, Tai_khoan_giao_dich, Loai_giao_dich, So_tien_giao_dich, Ngay_giao_dich)
VALUES 
-- Nạp tiền
('NT00017', 'STK00116', 'Nạp Tiền', 5000000, '2024-07-01'),
('NT00018', 'STK00003', 'Nạp Tiền', 10000000, '2024-07-02'),
('NT00019', 'STK00004', 'Nạp Tiền', 15000000, '2024-07-03'),
('NT00020', 'STK00007', 'Nạp Tiền', 20000000, '2024-07-04'),
('NT00021', 'STK00008', 'Nạp Tiền', 25000000, '2024-07-05'),
('NT00022', 'STK00009', 'Nạp Tiền', 30000000, '2024-07-06'),
('NT00023', 'STK00010', 'Nạp Tiền', 35000000, '2024-07-07'),
('NT00024', 'STK00011', 'Nạp Tiền', 40000000, '2024-07-08'),
('NT00025', 'STK00013', 'Nạp Tiền', 45000000, '2024-07-09'),
('NT00026', 'STK00014', 'Nạp Tiền', 50000000, '2024-07-10'),
('NT00027', 'STK00016', 'Nạp Tiền', 55000000, '2024-07-11'),
('NT00028', 'STK00017', 'Nạp Tiền', 60000000, '2024-07-12'),
('NT00029', 'STK00019', 'Nạp Tiền', 65000000, '2024-07-13'),
('NT00030', 'STK00020', 'Nạp Tiền', 70000000, '2024-07-14'),
('NT00031', 'STK00022', 'Nạp Tiền', 75000000, '2024-07-15'),
('NT00032', 'STK00023', 'Nạp Tiền', 80000000, '2024-07-16'),
('NT00033', 'STK00025', 'Nạp Tiền', 85000000, '2024-07-17'),
('NT00034', 'STK00026', 'Nạp Tiền', 90000000, '2024-07-18'),
('NT00035', 'STK00028', 'Nạp Tiền', 95000000, '2024-07-19'),
('NT00036', 'STK00029', 'Nạp Tiền', 100000000, '2024-07-20'),
('NT00037', 'STK00031', 'Nạp Tiền', 105000000, '2024-07-21'),
('NT00038', 'STK00034', 'Nạp Tiền', 110000000, '2024-07-22'),
('NT00039', 'STK00037', 'Nạp Tiền', 115000000, '2024-07-23'),
('NT00040', 'STK00038', 'Nạp Tiền', 120000000, '2024-07-24'),
('NT00041', 'STK00040', 'Nạp Tiền', 125000000, '2024-07-25'),
('NT00042', 'STK00041', 'Nạp Tiền', 130000000, '2024-07-26'),
('NT00043', 'STK00043', 'Nạp Tiền', 135000000, '2024-07-27'),
('NT00044', 'STK00044', 'Nạp Tiền', 140000000, '2024-07-28'),
('NT00045', 'STK00046', 'Nạp Tiền', 145000000, '2024-07-29'),
('NT00046', 'STK00047', 'Nạp Tiền', 150000000, '2024-07-30'),
('NT00047', 'STK00049', 'Nạp Tiền', 155000000, '2024-07-31'),

-- Rút tiền
('RT00019', 'STK00001', 'Rút Tiền', 2500000, '2024-07-01'),
('RT00020', 'STK00003', 'Rút Tiền', 5000000, '2024-07-02'),
('RT00021', 'STK00004', 'Rút Tiền', 7500000, '2024-07-03'),
('RT00022', 'STK00007', 'Rút Tiền', 10000000, '2024-07-04'),
('RT00023', 'STK00008', 'Rút Tiền', 12500000, '2024-07-05'),
('RT00024', 'STK00009', 'Rút Tiền', 15000000, '2024-07-06'),
('RT00025', 'STK00010', 'Rút Tiền', 17500000, '2024-07-07'),
('RT00026', 'STK00011', 'Rút Tiền', 20000000, '2024-07-08'),
('RT00027', 'STK00013', 'Rút Tiền', 22500000, '2024-07-09'),
('RT00028', 'STK00014', 'Rút Tiền', 25000000, '2024-07-10'),
('RT00029', 'STK00016', 'Rút Tiền', 27500000, '2024-07-11'),
('RT00030', 'STK00017', 'Rút Tiền', 30000000, '2024-07-12'),
('RT00031', 'STK00019', 'Rút Tiền', 32500000, '2024-07-13'),
('RT00032', 'STK00020', 'Rút Tiền', 35000000, '2024-07-14'),
('RT00033', 'STK00022', 'Rút Tiền', 37500000, '2024-07-15'),
('RT00034', 'STK00023', 'Rút Tiền', 40000000, '2024-07-16'),
('RT00035', 'STK00025', 'Rút Tiền', 42500000, '2024-07-17'),
('RT00036', 'STK00026', 'Rút Tiền', 45000000, '2024-07-18'),
('RT00037', 'STK00028', 'Rút Tiền', 47500000, '2024-07-19'),
('RT00038', 'STK00029', 'Rút Tiền', 50000000, '2024-07-20'),
('RT00039', 'STK00031', 'Rút Tiền', 52500000, '2024-07-21'),
('RT00040', 'STK00034', 'Rút Tiền', 55000000, '2024-07-22'),
('RT00041', 'STK00037', 'Rút Tiền', 57500000, '2024-07-23'),
('RT00042', 'STK00038', 'Rút Tiền', 60000000, '2024-07-24'),
('RT00043', 'STK00040', 'Rút Tiền', 62500000, '2024-07-25'),
('RT00044', 'STK00041', 'Rút Tiền', 65000000, '2024-07-26'),
('RT00045', 'STK00043', 'Rút Tiền', 67500000, '2024-07-27'),
('RT00046', 'STK00044', 'Rút Tiền', 70000000, '2024-07-28'),
('RT00047', 'STK00046', 'Rút Tiền', 72500000, '2024-07-29'),
('RT00048', 'STK00047', 'Rút Tiền', 75000000, '2024-07-30'),
('RT00049', 'STK00049', 'Rút Tiền', 77500000, '2024-07-31');
